frame,time,x,y,heading,v_x,v_y,yaw_rate
0,1642583953.161187,-33.423398,10.011841,0.603011,0.004429,0.000621,0.010000
